"0",""
"0","temp_yr <-"
"0","  cleaned_installation_data %>%"
"0","  separate(col=year_install,"
"0","           into = c('date', 'year'),"
"0","           sep = ', ') %>%"
"0","  select(-date)"
"0",""
"0","temp_yr$year[is.na(temp_yr$year)] <- cleaned_installation_data$year_install[is.na(temp_yr$year)]"
"0",""
"0","temp_yr <-"
"0","  temp_yr %>% "
"0","  mutate("
"0","    year ="
"0","      recode("
"0","        year,"
"0","        'Aug 2017' = '2017'"
"0","        )"
"0","  )"
"0",""
"0","temp_yr$year <- as.numeric(temp_yr$year)"
"0",""
"0","cleaned_installation_data <-"
"0","  cleaned_installation_data %>%"
"0","  mutate("
"0","    year_install = temp_yr$year"
"0","  )"
