"0","datastore_resources2 <- filter(resources, tolower(format) %in% c('xlsx'))"
"0",""
"0","installation2 <- filter(datastore_resources2, row_number()==1) %>%"
"0","  get_resource()"
"0",""
"0","colnames(installation2) <- installation2[c(2),]"
"0",""
"0","installation2 <- installation2[-c(1:2),]"
"0",""
"0","write_csv("
"0","  x = installation2,"
"0","  file = ""renewable_energy_installation2.csv"""
"0","  )"
"0",""
"0","cleaned <-"
"0","  clean_names(installation2) %>%"
"0","  select(-coordinates)"
