"0","# since there are negative values in centreline_measure, I will take the absolute value of it"
"0","cleaned_installation_data <-"
"0","  cleaned_installation_data %>%"
"0","  mutate(centreline_measure = abs(centreline_measure"
"0","                                  )"
"0","         )"
"0",""
"0","cleaned_installation_data %>%"
"0","  ggplot(aes(x=centreline_measure,"
"0","             y=size_install)) +"
"0","  geom_point() + "
"0","  labs(x=""Measure of the centreline"", y=""Size of the installation"") +"
"0","  geom_smooth(method=lm, se=FALSE, col = ""deeppink"") +"
"0","  annotate(""text"", x = 400, y = 250, col = ""blue"", size = 5, "
"0","           label = paste(""Pearson r = "", signif(cor(cleaned_installation_data$centreline_measure, cleaned_installation_data$size_install), 3)))"
