{"chunk_definitions":[{"row":14,"row_count":1,"visible":true,"expansion_state":0,"options":{"engine":"r","label":"setup","include":false},"document_id":"90C237C5","chunk_id":"csetup_chunk","chunk_label":"setup"},{"row":31,"row_count":1,"visible":true,"expansion_state":0,"options":{"engine":"r","label":"installpackages","echo":false,"warning":false,"message":false},"document_id":"90C237C5","chunk_id":"c9tjn40bccp5v","chunk_label":"installpackages"},{"row":42,"row_count":1,"visible":true,"expansion_state":0,"options":{"engine":"r","label":"library","echo":false,"message":false},"document_id":"90C237C5","chunk_id":"cl8ivt76xcj66","chunk_label":"library"},{"row":65,"row_count":1,"visible":true,"expansion_state":0,"options":{"engine":"r","label":"importdataset","echo":false,"message":false},"document_id":"90C237C5","chunk_id":"cxwrm5i8nqq1n","chunk_label":"importdataset"},{"row":77,"row_count":1,"visible":true,"expansion_state":0,"options":{"engine":"r","label":"cleancolumnnames","echo":false,"warning":false},"document_id":"90C237C5","chunk_id":"cdcouxdp147fx","chunk_label":"cleancolumnnames"},{"row":86,"row_count":1,"visible":true,"expansion_state":0,"options":{"engine":"r","label":"selectvariables","echo":false},"document_id":"90C237C5","chunk_id":"cce824bobmobb","chunk_label":"selectvariables"},{"row":101,"row_count":1,"visible":true,"expansion_state":0,"options":{"engine":"r","label":"updatetypo","echo":false},"document_id":"90C237C5","chunk_id":"csmu11z4ejq2v","chunk_label":"updatetypo"},{"row":118,"row_count":1,"visible":true,"expansion_state":0,"options":{"engine":"r","label":"privatelyowned","echo":false},"document_id":"90C237C5","chunk_id":"cb66zmpxljxnz","chunk_label":"privatelyowned"},{"row":151,"row_count":1,"visible":true,"expansion_state":0,"options":{"engine":"r","label":"newdataset","echo":false,"message":false},"document_id":"90C237C5","chunk_id":"cwi0i0whyxulp","chunk_label":"newdataset"},{"row":162,"row_count":1,"visible":true,"expansion_state":0,"options":{"engine":"r","label":"mergedData","echo":false},"document_id":"90C237C5","chunk_id":"ccrtl8u8ihtfz","chunk_label":"mergedData"},{"row":187,"row_count":1,"visible":true,"expansion_state":0,"options":{"engine":"r","label":"contingencytable","echo":false,"warning":false},"document_id":"90C237C5","chunk_id":"caohijon08min","chunk_label":"contingencytable"},{"row":196,"row_count":1,"visible":true,"expansion_state":0,"options":{"engine":"r","label":"contingency","echo":false},"document_id":"90C237C5","chunk_id":"cdfmg5qjoqy4v","chunk_label":"contingency"},{"row":207,"row_count":1,"visible":true,"expansion_state":0,"options":{"engine":"r","label":"fisher","echo":false},"document_id":"90C237C5","chunk_id":"cnjj4v2mlx9py","chunk_label":"fisher"},{"row":217,"row_count":1,"visible":true,"expansion_state":0,"options":{"engine":"r","label":"onlyconsiderFITMicroFIT","echo":false,"warning":false,"mesesage":false},"document_id":"90C237C5","chunk_id":"caxkcx3jjuv00","chunk_label":"onlyconsiderFITMicroFIT"},{"row":241,"row_count":1,"visible":true,"expansion_state":0,"options":{"engine":"r","label":"relation","echo":false,"warning":false,"fig.cap":"Relationship between the measure of the centreline and size installed","fig.height":3,"fig.width":4},"document_id":"90C237C5","chunk_id":"cbwc0v49esx1q","chunk_label":"relation"},{"row":250,"row_count":1,"visible":true,"expansion_state":0,"options":{"engine":"r","label":"removecentreline","echo":false},"document_id":"90C237C5","chunk_id":"ccnwooz2knwj7","chunk_label":"removecentreline"},{"row":259,"row_count":1,"visible":true,"expansion_state":0,"options":{"engine":"r","label":"sizeinstall","echo":false,"fig.cap":"Relationship between the program type and the size installed","fig.height":4,"fig.width":5},"document_id":"90C237C5","chunk_id":"c82meb0caojbb","chunk_label":"sizeinstall"},{"row":293,"row_count":1,"visible":true,"expansion_state":0,"options":{"engine":"r","label":"updateyear","echo":false,"warning":false,"message":false},"document_id":"90C237C5","chunk_id":"c01jpmfjzu5j7","chunk_label":"updateyear"},{"row":318,"row_count":1,"visible":true,"expansion_state":0,"options":{"engine":"r","label":"ownership","echo":false,"fig.cap":"The ownership of the locations that have renewable energy installed","fig.height":4,"fig.width":4},"document_id":"90C237C5","chunk_id":"ceds14wz05ddm","chunk_label":"ownership"},{"row":339,"row_count":1,"visible":true,"expansion_state":0,"options":{"engine":"r","label":"counttype","echo":false,"message":false,"warning":false,"fig.cap":"Type of renewable energy installed","fig.height":4,"fig.width":4},"document_id":"90C237C5","chunk_id":"c967d0mb1yq3r","chunk_label":"counttype"},{"row":353,"row_count":1,"visible":true,"expansion_state":0,"options":{"engine":"r","label":"trend","echo":false,"fig.cap":"Number of renewable energy installations over years","fig.height":3,"fig.width":5},"document_id":"90C237C5","chunk_id":"ccnlhkvd5dgsf","chunk_label":"trend"},{"row":370,"row_count":1,"visible":true,"expansion_state":0,"options":{"engine":"r","label":"period","echo":false},"document_id":"90C237C5","chunk_id":"c5x2gmca4ekrq","chunk_label":"period"},{"row":380,"row_count":1,"visible":true,"expansion_state":0,"options":{"engine":"r","label":"municipalities","echo":false,"fig.cap":"Number of renewable energy installations among the municipalities","fig.height":4,"fig.width":5},"document_id":"90C237C5","chunk_id":"cg2w1cgelj8wt","chunk_label":"municipalities"}],"doc_write_time":1644202858,"working_dir":null,"default_chunk_options":{"echo":true},"chunk_rendered_width":599}