"0","# For b, we will use the same w_t as (a), so we only need to update s_t."
"0",""
"0","# Generate s_t using the given model"
"0","# create the first 100 observations"
"0","s_t1_b<-rep(0, 100)"
"0","# create the second 100 observations"
"0","s_t2_b<-10*exp(-(101:200-100)/200)*cos(2*pi*101:200/4)"
"0",""
"0","# combine the first half observations and the second half observations and denote it by s_t_b"
"0","s_t_b<-c(s_t1_b, s_t2_b)"
"0",""
"0","# Generate x_t using the formula x_t=w_t+s_t"
"0","x_t_b<-w_t+s_t_b"
