{"chunk_definitions":[{"row":9,"row_count":1,"visible":true,"expansion_state":0,"options":{"engine":"r","label":"setup","include":false},"document_id":"FE6524B1","chunk_id":"csetup_chunk","chunk_label":"setup"},{"row":31,"row_count":1,"visible":true,"expansion_state":0,"options":{"engine":"r","label":"unnamed-chunk-2"},"document_id":"FE6524B1","chunk_id":"c6a2zqkremzi5","chunk_label":"unnamed-chunk-1"},{"row":49,"row_count":1,"visible":true,"expansion_state":0,"options":{"engine":"r","label":"unnamed-chunk-4"},"document_id":"FE6524B1","chunk_id":"coorweqm5nu0v","chunk_label":"unnamed-chunk-2"},{"row":58,"row_count":1,"visible":true,"expansion_state":0,"options":{"engine":"r","label":"unnamed-chunk-5"},"document_id":"FE6524B1","chunk_id":"c76hm4r1eo4ue","chunk_label":"unnamed-chunk-3"},{"row":78,"row_count":1,"visible":true,"expansion_state":0,"options":{"engine":"r","label":"unnamed-chunk-10"},"document_id":"FE6524B1","chunk_id":"cpuw4cghnbncu","chunk_label":"unnamed-chunk-4"},{"row":90,"row_count":1,"visible":true,"expansion_state":0,"options":{"engine":"r","label":"unnamed-chunk-13"},"document_id":"FE6524B1","chunk_id":"c95bt45bie4tu","chunk_label":"unnamed-chunk-5"}],"doc_write_time":1643395087,"chunk_rendered_width":592,"working_dir":null,"default_chunk_options":{"echo":true}}