"0","# percentage"
"0","own <-"
"0","  cleaned_installation_data %>%"
"0","    count(owned)"
"0",""
"0","own %>%"
"0","  ggplot(aes(x = """", y = n, fill = owned)) +"
"0","  geom_bar(width = 1, stat = ""identity"", color = ""white"") +"
"0","  coord_polar(""y"", start = 0) +"
"0","  geom_text(aes(label=paste(n, '%')), size=4, position=position_stack(vjust = 0.5)) +"
"0","  theme_void() +"
"0","  labs(fill=""ownership of the location"") +"
"0","  theme(plot.title=element_text(face=""bold""))"
"0",""
