"0","# get package"
"0","package <- show_package(""6db96adf-d8a8-465b-a7e8-29be98907cc9"")"
"0",""
"0","# get all resources for this package"
"0","resources <- list_package_resources(""6db96adf-d8a8-465b-a7e8-29be98907cc9"")"
"0",""
"0","# identify datastore resources; by default, Toronto Open Data sets datastore resource format to CSV for non-geospatial and GeoJSON for geospatial resources"
"0","datastore_resources <- filter(resources, tolower(format) %in% c('csv', 'geojson'))"
"0",""
"0",""
"0","# load the first datastore resource as a sample"
"0","installation <- filter(datastore_resources, row_number()==1) %>% "
"0","  get_resource()"
"0",""
"0","write_csv("
"0","  x = installation,"
"0","  file = ""renewable_energy_installation.csv"""
"0","  )"
