"0","# First, we set seed so that we get the same values every time we run the code."
"0","set.seed(250)"
"0",""
"0","# Generate w_t where w_t is 200 observations of Gaussian white noise with mean 0 and variance 1"
"0","w_t<-rnorm(200,0,1)"
"0",""
"0","# Generate s_t using the given formula"
"0","s_t1_a<-rep(0, 100)"
"0","s_t2_a<-101:200"
"0","s_t2_a<-10*exp(-(s_t2_a-100)/20)*cos(2*pi*s_t2_a/4)"
"0",""
"0","# "
"0","s_t_a<-c(s_t1_a, s_t2_a)"
"0",""
"0","# Generate x_t=w_t+s_t"
"0","x_t_a<-w_t+s_t_a"
